Processing Record 1 | Punta Arenas
http://api.openweathermap.org/data/2.5/weather?units=Imperial&APPID=2853f2be790044b9ea0c667a889aff94&q=punta arenas
Processing Record 2 | Kapaa
http://api.openweathermap.org/data/2.5/weather?units=Imperial&APPID=2853f2be790044b9ea0c667a889aff94&q=kapaa
Processing Record 3 | Yellowknife
http://api.openweathermap.org/data/2.5/weather?units=Imperial&APPID=2853f2be790044b9ea0c667a889aff94&q=yellowknife
Processing Record 4 | Ust-Ishim
http://api.openweathermap.org/data/2.5/weather?units=Imperial&APPID=2853f2be790044b9ea0c667a889aff94&q=ust-ishim
Processing Record 5 | Port Alfred
http://api.openweathermap.org/data/2.5/weather?units=Imperial&APPID=2853f2be790044b9ea0c667a889aff94&q=port alfred
Processing Record 6 | Te Anau
http://api.openweathermap.org/data/2.5/weather?units=Imperial&APPID=2853f2be790044b9ea0c667a889aff94&q=te anau
Processing Record 7 | Zhanakorgan
http://api.openweathermap.org/data/2.5/weather?units=Imperial&APPID=2853f2be790044b9ea0c667a889aff94&q=zhanakorgan
Processing Record 8 | Clyde River
http://api.openweathermap.org/data/2.5/weather?units=Imperial&APPID=2853f2be790044b9ea0c667a889aff94&q=clyde river
Processing Record 9 | Ushuaia
http://api.openweathermap.org/data/2.5/weather?units=Imperial&APPID=2853f2be790044b9ea0c667a889aff94&q=ushuaia
Processing Record 10 | Tasiilaq
http://api.openweathermap.org/data/2.5/weather?units=Imperial&APPID=2853f2be790044b9ea0c667a889aff94&q=tasiilaq
Processing Record 11 | Rikitea
http://api.openweathermap.org/data/2.5/weather?units=Imperial&APPID=2853f2be790044b9ea0c667a889aff94&q=rikitea
Processing Record 12 | Lima
http://api.openweathermap.org/data/2.5/weather?units=Imperial&APPID=2853f2be790044b9ea0c667a889aff94&q=lima
Processing Record 13 | Saint George
http://api.openweathermap.org/data/2.5/weather?units=Imperial&APPID=2853f2be790044b9ea0c667a889aff94&q=saint george
Processing Record 14 | Hofn
http://api.openweathermap.org/data/2.5/weather?units=Imperial&APPID=2853f2be790044b9ea0c667a889aff94&q=hofn
Processing Record 15 | Muros
http://api.openweathermap.org/data/2.5/weather?units=Imperial&APPID=2853f2be790044b9ea0c667a889aff94&q=muros
City not found. Skipping...
City not found. Skipping...
Processing Record 18 | Khalilabad
http://api.openweathermap.org/data/2.5/weather?units=Imperial&APPID=2853f2be790044b9ea0c667a889aff94&q=khalilabad
Processing Record 19 | San Patricio
http://api.openweathermap.org/data/2.5/weather?units=Imperial&APPID=2853f2be790044b9ea0c667a889aff94&q=san patricio
Processing Record 20 | Albany
http://api.openweathermap.org/data/2.5/weather?units=Imperial&APPID=2853f2be790044b9ea0c667a889aff94&q=albany
City not found. Skipping...
City not found. Skipping...
Processing Record 23 | Buin
http://api.openweathermap.org/data/2.5/weather?units=Imperial&APPID=2853f2be790044b9ea0c667a889aff94&q=buin
Processing Record 24 | Busselton
http://api.openweathermap.org/data/2.5/weather?units=Imperial&APPID=2853f2be790044b9ea0c667a889aff94&q=busselton
Processing Record 25 | Placido de Castro
http://api.openweathermap.org/data/2.5/weather?units=Imperial&APPID=2853f2be790044b9ea0c667a889aff94&q=placido de castro
Processing Record 26 | Lagoa
http://api.openweathermap.org/data/2.5/weather?units=Imperial&APPID=2853f2be790044b9ea0c667a889aff94&q=lagoa
Processing Record 27 | Cherskiy
http://api.openweathermap.org/data/2.5/weather?units=Imperial&APPID=2853f2be790044b9ea0c667a889aff94&q=cherskiy
Processing Record 28 | Castro
http://api.openweathermap.org/data/2.5/weather?units=Imperial&APPID=2853f2be790044b9ea0c667a889aff94&q=castro
Processing Record 29 | Saldanha
http://api.openweathermap.org/data/2.5/weather?units=Imperial&APPID=2853f2be790044b9ea0c667a889aff94&q=saldanha
Processing Record 30 | Hobart
http://api.openweathermap.org/data/2.5/weather?units=Imperial&APPID=2853f2be790044b9ea0c667a889aff94&q=hobart
Processing Record 31 | Natalicio Talavera
http://api.openweathermap.org/data/2.5/weather?units=Imperial&APPID=2853f2be790044b9ea0c667a889aff94&q=natalicio talavera
Processing Record 32 | Sept-Iles
http://api.openweathermap.org/data/2.5/weather?units=Imperial&APPID=2853f2be790044b9ea0c667a889aff94&q=sept-iles
Processing Record 33 | Bosaso
http://api.openweathermap.org/data/2.5/weather?units=Imperial&APPID=2853f2be790044b9ea0c667a889aff94&q=bosaso
Processing Record 34 | Sivas
http://api.openweathermap.org/data/2.5/weather?units=Imperial&APPID=2853f2be790044b9ea0c667a889aff94&q=sivas
Processing Record 35 | Narrabri
http://api.openweathermap.org/data/2.5/weather?units=Imperial&APPID=2853f2be790044b9ea0c667a889aff94&q=narrabri
City not found. Skipping...
City not found. Skipping...
City not found. Skipping...
Processing Record 39 | Narimanov
http://api.openweathermap.org/data/2.5/weather?units=Imperial&APPID=2853f2be790044b9ea0c667a889aff94&q=narimanov
Processing Record 40 | Luderitz
http://api.openweathermap.org/data/2.5/weather?units=Imperial&APPID=2853f2be790044b9ea0c667a889aff94&q=luderitz
Processing Record 41 | Tuktoyaktuk
http://api.openweathermap.org/data/2.5/weather?units=Imperial&APPID=2853f2be790044b9ea0c667a889aff94&q=tuktoyaktuk
Processing Record 42 | Ribeira Grande
http://api.openweathermap.org/data/2.5/weather?units=Imperial&APPID=2853f2be790044b9ea0c667a889aff94&q=ribeira grande
Processing Record 43 | Avarua
http://api.openweathermap.org/data/2.5/weather?units=Imperial&APPID=2853f2be790044b9ea0c667a889aff94&q=avarua
City not found. Skipping...
Processing Record 45 | Half Moon Bay
http://api.openweathermap.org/data/2.5/weather?units=Imperial&APPID=2853f2be790044b9ea0c667a889aff94&q=half moon bay
Processing Record 46 | Faanui
http://api.openweathermap.org/data/2.5/weather?units=Imperial&APPID=2853f2be790044b9ea0c667a889aff94&q=faanui
Processing Record 47 | Islahiye
http://api.openweathermap.org/data/2.5/weather?units=Imperial&APPID=2853f2be790044b9ea0c667a889aff94&q=islahiye
Processing Record 48 | Mezen
http://api.openweathermap.org/data/2.5/weather?units=Imperial&APPID=2853f2be790044b9ea0c667a889aff94&q=mezen
Processing Record 49 | Batagay-Alyta
http://api.openweathermap.org/data/2.5/weather?units=Imperial&APPID=2853f2be790044b9ea0c667a889aff94&q=batagay-alyta
Processing Record 50 | Sorland
http://api.openweathermap.org/data/2.5/weather?units=Imperial&APPID=2853f2be790044b9ea0c667a889aff94&q=sorland
Processing Record 51 | Puerto Ayora
http://api.openweathermap.org/data/2.5/weather?units=Imperial&APPID=2853f2be790044b9ea0c667a889aff94&q=puerto ayora
Processing Record 52 | Norman Wells
http://api.openweathermap.org/data/2.5/weather?units=Imperial&APPID=2853f2be790044b9ea0c667a889aff94&q=norman wells
Processing Record 53 | Aykhal
http://api.openweathermap.org/data/2.5/weather?units=Imperial&APPID=2853f2be790044b9ea0c667a889aff94&q=aykhal
Processing Record 54 | Tiksi
http://api.openweathermap.org/data/2.5/weather?units=Imperial&APPID=2853f2be790044b9ea0c667a889aff94&q=tiksi
Processing Record 55 | Qaanaaq
http://api.openweathermap.org/data/2.5/weather?units=Imperial&APPID=2853f2be790044b9ea0c667a889aff94&q=qaanaaq
Processing Record 56 | Villa Carlos Paz
http://api.openweathermap.org/data/2.5/weather?units=Imperial&APPID=2853f2be790044b9ea0c667a889aff94&q=villa carlos paz
Processing Record 57 | Port Elizabeth
http://api.openweathermap.org/data/2.5/weather?units=Imperial&APPID=2853f2be790044b9ea0c667a889aff94&q=port elizabeth
Processing Record 58 | Jamestown
http://api.openweathermap.org/data/2.5/weather?units=Imperial&APPID=2853f2be790044b9ea0c667a889aff94&q=jamestown
Processing Record 59 | Mukhen
http://api.openweathermap.org/data/2.5/weather?units=Imperial&APPID=2853f2be790044b9ea0c667a889aff94&q=mukhen
Processing Record 60 | Beringovskiy
http://api.openweathermap.org/data/2.5/weather?units=Imperial&APPID=2853f2be790044b9ea0c667a889aff94&q=beringovskiy
Processing Record 61 | Saint-Philippe
http://api.openweathermap.org/data/2.5/weather?units=Imperial&APPID=2853f2be790044b9ea0c667a889aff94&q=saint-philippe
City not found. Skipping...
Processing Record 63 | Tayu
http://api.openweathermap.org/data/2.5/weather?units=Imperial&APPID=2853f2be790044b9ea0c667a889aff94&q=tayu
Processing Record 64 | Jackson
http://api.openweathermap.org/data/2.5/weather?units=Imperial&APPID=2853f2be790044b9ea0c667a889aff94&q=jackson
Processing Record 65 | Bluff
http://api.openweathermap.org/data/2.5/weather?units=Imperial&APPID=2853f2be790044b9ea0c667a889aff94&q=bluff
City not found. Skipping...
Processing Record 67 | Hermanus
http://api.openweathermap.org/data/2.5/weather?units=Imperial&APPID=2853f2be790044b9ea0c667a889aff94&q=hermanus
Processing Record 68 | Sitka
http://api.openweathermap.org/data/2.5/weather?units=Imperial&APPID=2853f2be790044b9ea0c667a889aff94&q=sitka
Processing Record 69 | Bambanglipuro
http://api.openweathermap.org/data/2.5/weather?units=Imperial&APPID=2853f2be790044b9ea0c667a889aff94&q=bambanglipuro
Processing Record 70 | Banda Aceh
http://api.openweathermap.org/data/2.5/weather?units=Imperial&APPID=2853f2be790044b9ea0c667a889aff94&q=banda aceh
Processing Record 71 | Honiara
http://api.openweathermap.org/data/2.5/weather?units=Imperial&APPID=2853f2be790044b9ea0c667a889aff94&q=honiara
Processing Record 72 | Vardo
http://api.openweathermap.org/data/2.5/weather?units=Imperial&APPID=2853f2be790044b9ea0c667a889aff94&q=vardo
Processing Record 73 | Atuona
http://api.openweathermap.org/data/2.5/weather?units=Imperial&APPID=2853f2be790044b9ea0c667a889aff94&q=atuona
City not found. Skipping...
Processing Record 75 | Tacna
http://api.openweathermap.org/data/2.5/weather?units=Imperial&APPID=2853f2be790044b9ea0c667a889aff94&q=tacna
Processing Record 76 | Iqaluit
http://api.openweathermap.org/data/2.5/weather?units=Imperial&APPID=2853f2be790044b9ea0c667a889aff94&q=iqaluit
Processing Record 77 | Chokurdakh
http://api.openweathermap.org/data/2.5/weather?units=Imperial&APPID=2853f2be790044b9ea0c667a889aff94&q=chokurdakh
City not found. Skipping...
City not found. Skipping...
Processing Record 80 | Dikson
http://api.openweathermap.org/data/2.5/weather?units=Imperial&APPID=2853f2be790044b9ea0c667a889aff94&q=dikson
Processing Record 81 | Vaini
http://api.openweathermap.org/data/2.5/weather?units=Imperial&APPID=2853f2be790044b9ea0c667a889aff94&q=vaini
Processing Record 82 | Longyearbyen
http://api.openweathermap.org/data/2.5/weather?units=Imperial&APPID=2853f2be790044b9ea0c667a889aff94&q=longyearbyen
City not found. Skipping...
Processing Record 84 | East London
http://api.openweathermap.org/data/2.5/weather?units=Imperial&APPID=2853f2be790044b9ea0c667a889aff94&q=east london
Processing Record 85 | Coahuayana
http://api.openweathermap.org/data/2.5/weather?units=Imperial&APPID=2853f2be790044b9ea0c667a889aff94&q=coahuayana
Processing Record 86 | Pierre
http://api.openweathermap.org/data/2.5/weather?units=Imperial&APPID=2853f2be790044b9ea0c667a889aff94&q=pierre
Processing Record 87 | Lebu
http://api.openweathermap.org/data/2.5/weather?units=Imperial&APPID=2853f2be790044b9ea0c667a889aff94&q=lebu
Processing Record 88 | Pangkalanbuun
http://api.openweathermap.org/data/2.5/weather?units=Imperial&APPID=2853f2be790044b9ea0c667a889aff94&q=pangkalanbuun
Processing Record 89 | Burns Lake
http://api.openweathermap.org/data/2.5/weather?units=Imperial&APPID=2853f2be790044b9ea0c667a889aff94&q=burns lake
Processing Record 90 | Penzance
http://api.openweathermap.org/data/2.5/weather?units=Imperial&APPID=2853f2be790044b9ea0c667a889aff94&q=penzance
Processing Record 91 | Thompson
http://api.openweathermap.org/data/2.5/weather?units=Imperial&APPID=2853f2be790044b9ea0c667a889aff94&q=thompson
City not found. Skipping...
Processing Record 93 | Grindavik
http://api.openweathermap.org/data/2.5/weather?units=Imperial&APPID=2853f2be790044b9ea0c667a889aff94&q=grindavik
Processing Record 94 | Talnakh
http://api.openweathermap.org/data/2.5/weather?units=Imperial&APPID=2853f2be790044b9ea0c667a889aff94&q=talnakh
Processing Record 95 | Nanortalik
http://api.openweathermap.org/data/2.5/weather?units=Imperial&APPID=2853f2be790044b9ea0c667a889aff94&q=nanortalik
Processing Record 96 | Manggar
http://api.openweathermap.org/data/2.5/weather?units=Imperial&APPID=2853f2be790044b9ea0c667a889aff94&q=manggar
Processing Record 97 | Lakhipur
http://api.openweathermap.org/data/2.5/weather?units=Imperial&APPID=2853f2be790044b9ea0c667a889aff94&q=lakhipur
Processing Record 98 | Cape Town
http://api.openweathermap.org/data/2.5/weather?units=Imperial&APPID=2853f2be790044b9ea0c667a889aff94&q=cape town
City not found. Skipping...
Processing Record 100 | Fengxian
http://api.openweathermap.org/data/2.5/weather?units=Imperial&APPID=2853f2be790044b9ea0c667a889aff94&q=fengxian
Processing Record 101 | Mataura
http://api.openweathermap.org/data/2.5/weather?units=Imperial&APPID=2853f2be790044b9ea0c667a889aff94&q=mataura
Processing Record 102 | Tuatapere
http://api.openweathermap.org/data/2.5/weather?units=Imperial&APPID=2853f2be790044b9ea0c667a889aff94&q=tuatapere
Processing Record 103 | Buraydah
http://api.openweathermap.org/data/2.5/weather?units=Imperial&APPID=2853f2be790044b9ea0c667a889aff94&q=buraydah
Processing Record 104 | New Norfolk
http://api.openweathermap.org/data/2.5/weather?units=Imperial&APPID=2853f2be790044b9ea0c667a889aff94&q=new norfolk
City not found. Skipping...
Processing Record 106 | Coquimbo
http://api.openweathermap.org/data/2.5/weather?units=Imperial&APPID=2853f2be790044b9ea0c667a889aff94&q=coquimbo
Processing Record 107 | Belyy Yar
http://api.openweathermap.org/data/2.5/weather?units=Imperial&APPID=2853f2be790044b9ea0c667a889aff94&q=belyy yar
Processing Record 108 | Mabaruma
http://api.openweathermap.org/data/2.5/weather?units=Imperial&APPID=2853f2be790044b9ea0c667a889aff94&q=mabaruma
City not found. Skipping...
Processing Record 110 | Viedma
http://api.openweathermap.org/data/2.5/weather?units=Imperial&APPID=2853f2be790044b9ea0c667a889aff94&q=viedma
Processing Record 111 | Arraial do Cabo
http://api.openweathermap.org/data/2.5/weather?units=Imperial&APPID=2853f2be790044b9ea0c667a889aff94&q=arraial do cabo
Processing Record 112 | Victoria
http://api.openweathermap.org/data/2.5/weather?units=Imperial&APPID=2853f2be790044b9ea0c667a889aff94&q=victoria
Processing Record 113 | Freeport
http://api.openweathermap.org/data/2.5/weather?units=Imperial&APPID=2853f2be790044b9ea0c667a889aff94&q=freeport
Processing Record 114 | Cayenne
http://api.openweathermap.org/data/2.5/weather?units=Imperial&APPID=2853f2be790044b9ea0c667a889aff94&q=cayenne
Processing Record 115 | Tiarei
http://api.openweathermap.org/data/2.5/weather?units=Imperial&APPID=2853f2be790044b9ea0c667a889aff94&q=tiarei
Processing Record 116 | Troitskoye
http://api.openweathermap.org/data/2.5/weather?units=Imperial&APPID=2853f2be790044b9ea0c667a889aff94&q=troitskoye
Processing Record 117 | Emerald
http://api.openweathermap.org/data/2.5/weather?units=Imperial&APPID=2853f2be790044b9ea0c667a889aff94&q=emerald
Processing Record 118 | Ostrovnoy
http://api.openweathermap.org/data/2.5/weather?units=Imperial&APPID=2853f2be790044b9ea0c667a889aff94&q=ostrovnoy
Processing Record 119 | Rocha
http://api.openweathermap.org/data/2.5/weather?units=Imperial&APPID=2853f2be790044b9ea0c667a889aff94&q=rocha
Processing Record 120 | Russell
http://api.openweathermap.org/data/2.5/weather?units=Imperial&APPID=2853f2be790044b9ea0c667a889aff94&q=russell
Processing Record 121 | Perth
http://api.openweathermap.org/data/2.5/weather?units=Imperial&APPID=2853f2be790044b9ea0c667a889aff94&q=perth
City not found. Skipping...
Processing Record 123 | Shaunavon
http://api.openweathermap.org/data/2.5/weather?units=Imperial&APPID=2853f2be790044b9ea0c667a889aff94&q=shaunavon
City not found. Skipping...
Processing Record 125 | Gloucester
http://api.openweathermap.org/data/2.5/weather?units=Imperial&APPID=2853f2be790044b9ea0c667a889aff94&q=gloucester
Processing Record 126 | Quthing
http://api.openweathermap.org/data/2.5/weather?units=Imperial&APPID=2853f2be790044b9ea0c667a889aff94&q=quthing
Processing Record 127 | Caravelas
http://api.openweathermap.org/data/2.5/weather?units=Imperial&APPID=2853f2be790044b9ea0c667a889aff94&q=caravelas
Processing Record 128 | Etchoropo
http://api.openweathermap.org/data/2.5/weather?units=Imperial&APPID=2853f2be790044b9ea0c667a889aff94&q=etchoropo
City not found. Skipping...
Processing Record 130 | Yulara
http://api.openweathermap.org/data/2.5/weather?units=Imperial&APPID=2853f2be790044b9ea0c667a889aff94&q=yulara
City not found. Skipping...
Processing Record 132 | Kutum
http://api.openweathermap.org/data/2.5/weather?units=Imperial&APPID=2853f2be790044b9ea0c667a889aff94&q=kutum
Processing Record 133 | Leshukonskoye
http://api.openweathermap.org/data/2.5/weather?units=Imperial&APPID=2853f2be790044b9ea0c667a889aff94&q=leshukonskoye
Processing Record 134 | Torbay
http://api.openweathermap.org/data/2.5/weather?units=Imperial&APPID=2853f2be790044b9ea0c667a889aff94&q=torbay
Processing Record 135 | Mar del Plata
http://api.openweathermap.org/data/2.5/weather?units=Imperial&APPID=2853f2be790044b9ea0c667a889aff94&q=mar del plata
City not found. Skipping...
Processing Record 137 | Shenjiamen
http://api.openweathermap.org/data/2.5/weather?units=Imperial&APPID=2853f2be790044b9ea0c667a889aff94&q=shenjiamen
Processing Record 138 | San Jeronimo
http://api.openweathermap.org/data/2.5/weather?units=Imperial&APPID=2853f2be790044b9ea0c667a889aff94&q=san jeronimo
Processing Record 139 | Karratha
http://api.openweathermap.org/data/2.5/weather?units=Imperial&APPID=2853f2be790044b9ea0c667a889aff94&q=karratha
Processing Record 140 | Xining
http://api.openweathermap.org/data/2.5/weather?units=Imperial&APPID=2853f2be790044b9ea0c667a889aff94&q=xining
Processing Record 141 | Sangar
http://api.openweathermap.org/data/2.5/weather?units=Imperial&APPID=2853f2be790044b9ea0c667a889aff94&q=sangar
Processing Record 142 | Omboue
http://api.openweathermap.org/data/2.5/weather?units=Imperial&APPID=2853f2be790044b9ea0c667a889aff94&q=omboue
Processing Record 143 | Nikolskoye
http://api.openweathermap.org/data/2.5/weather?units=Imperial&APPID=2853f2be790044b9ea0c667a889aff94&q=nikolskoye
Processing Record 144 | Shimoda
http://api.openweathermap.org/data/2.5/weather?units=Imperial&APPID=2853f2be790044b9ea0c667a889aff94&q=shimoda
Processing Record 145 | Mandawar
http://api.openweathermap.org/data/2.5/weather?units=Imperial&APPID=2853f2be790044b9ea0c667a889aff94&q=mandawar
Processing Record 146 | Sao Miguel do Araguaia
http://api.openweathermap.org/data/2.5/weather?units=Imperial&APPID=2853f2be790044b9ea0c667a889aff94&q=sao miguel do araguaia
Processing Record 147 | Butaritari
http://api.openweathermap.org/data/2.5/weather?units=Imperial&APPID=2853f2be790044b9ea0c667a889aff94&q=butaritari
Processing Record 148 | Pardi
http://api.openweathermap.org/data/2.5/weather?units=Imperial&APPID=2853f2be790044b9ea0c667a889aff94&q=pardi
Processing Record 149 | Haines Junction
http://api.openweathermap.org/data/2.5/weather?units=Imperial&APPID=2853f2be790044b9ea0c667a889aff94&q=haines junction
Processing Record 150 | Chaman
http://api.openweathermap.org/data/2.5/weather?units=Imperial&APPID=2853f2be790044b9ea0c667a889aff94&q=chaman
Processing Record 151 | Hasaki
http://api.openweathermap.org/data/2.5/weather?units=Imperial&APPID=2853f2be790044b9ea0c667a889aff94&q=hasaki
Processing Record 152 | Alta Floresta
http://api.openweathermap.org/data/2.5/weather?units=Imperial&APPID=2853f2be790044b9ea0c667a889aff94&q=alta floresta
Processing Record 153 | Bredasdorp
http://api.openweathermap.org/data/2.5/weather?units=Imperial&APPID=2853f2be790044b9ea0c667a889aff94&q=bredasdorp
Processing Record 154 | Khandyga
http://api.openweathermap.org/data/2.5/weather?units=Imperial&APPID=2853f2be790044b9ea0c667a889aff94&q=khandyga
Processing Record 155 | Georgetown
http://api.openweathermap.org/data/2.5/weather?units=Imperial&APPID=2853f2be790044b9ea0c667a889aff94&q=georgetown
City not found. Skipping...
Processing Record 157 | Presidencia Roque Saenz Pena
http://api.openweathermap.org/data/2.5/weather?units=Imperial&APPID=2853f2be790044b9ea0c667a889aff94&q=presidencia roque saenz pena
Processing Record 158 | Hamilton
http://api.openweathermap.org/data/2.5/weather?units=Imperial&APPID=2853f2be790044b9ea0c667a889aff94&q=hamilton
Processing Record 159 | Bereda
http://api.openweathermap.org/data/2.5/weather?units=Imperial&APPID=2853f2be790044b9ea0c667a889aff94&q=bereda
Processing Record 160 | Balabac
http://api.openweathermap.org/data/2.5/weather?units=Imperial&APPID=2853f2be790044b9ea0c667a889aff94&q=balabac
Processing Record 161 | Mednogorsk
http://api.openweathermap.org/data/2.5/weather?units=Imperial&APPID=2853f2be790044b9ea0c667a889aff94&q=mednogorsk
City not found. Skipping...
Processing Record 163 | Arlit
http://api.openweathermap.org/data/2.5/weather?units=Imperial&APPID=2853f2be790044b9ea0c667a889aff94&q=arlit
Processing Record 164 | Chara
http://api.openweathermap.org/data/2.5/weather?units=Imperial&APPID=2853f2be790044b9ea0c667a889aff94&q=chara
Processing Record 165 | Kavieng
http://api.openweathermap.org/data/2.5/weather?units=Imperial&APPID=2853f2be790044b9ea0c667a889aff94&q=kavieng
Processing Record 166 | Myitkyina
http://api.openweathermap.org/data/2.5/weather?units=Imperial&APPID=2853f2be790044b9ea0c667a889aff94&q=myitkyina
Processing Record 167 | Ripoll
http://api.openweathermap.org/data/2.5/weather?units=Imperial&APPID=2853f2be790044b9ea0c667a889aff94&q=ripoll
Processing Record 168 | Matucana
http://api.openweathermap.org/data/2.5/weather?units=Imperial&APPID=2853f2be790044b9ea0c667a889aff94&q=matucana
Processing Record 169 | Kaitangata
http://api.openweathermap.org/data/2.5/weather?units=Imperial&APPID=2853f2be790044b9ea0c667a889aff94&q=kaitangata
Processing Record 170 | San Quintin
http://api.openweathermap.org/data/2.5/weather?units=Imperial&APPID=2853f2be790044b9ea0c667a889aff94&q=san quintin
Processing Record 171 | Kodiak
http://api.openweathermap.org/data/2.5/weather?units=Imperial&APPID=2853f2be790044b9ea0c667a889aff94&q=kodiak
Processing Record 172 | Maba
http://api.openweathermap.org/data/2.5/weather?units=Imperial&APPID=2853f2be790044b9ea0c667a889aff94&q=maba
Processing Record 173 | Esperance
http://api.openweathermap.org/data/2.5/weather?units=Imperial&APPID=2853f2be790044b9ea0c667a889aff94&q=esperance
Processing Record 174 | Cidreira
http://api.openweathermap.org/data/2.5/weather?units=Imperial&APPID=2853f2be790044b9ea0c667a889aff94&q=cidreira
Processing Record 175 | San Rafael del Sur
http://api.openweathermap.org/data/2.5/weather?units=Imperial&APPID=2853f2be790044b9ea0c667a889aff94&q=san rafael del sur
Processing Record 176 | Pochutla
http://api.openweathermap.org/data/2.5/weather?units=Imperial&APPID=2853f2be790044b9ea0c667a889aff94&q=pochutla
Processing Record 177 | Atbasar
http://api.openweathermap.org/data/2.5/weather?units=Imperial&APPID=2853f2be790044b9ea0c667a889aff94&q=atbasar
Processing Record 178 | Narsaq
http://api.openweathermap.org/data/2.5/weather?units=Imperial&APPID=2853f2be790044b9ea0c667a889aff94&q=narsaq
Processing Record 179 | Oussouye
http://api.openweathermap.org/data/2.5/weather?units=Imperial&APPID=2853f2be790044b9ea0c667a889aff94&q=oussouye
Processing Record 180 | Anadyr
http://api.openweathermap.org/data/2.5/weather?units=Imperial&APPID=2853f2be790044b9ea0c667a889aff94&q=anadyr
Processing Record 181 | Pryluky
http://api.openweathermap.org/data/2.5/weather?units=Imperial&APPID=2853f2be790044b9ea0c667a889aff94&q=pryluky
Processing Record 182 | Shelburne
http://api.openweathermap.org/data/2.5/weather?units=Imperial&APPID=2853f2be790044b9ea0c667a889aff94&q=shelburne
Processing Record 183 | Ola
http://api.openweathermap.org/data/2.5/weather?units=Imperial&APPID=2853f2be790044b9ea0c667a889aff94&q=ola
City not found. Skipping...
Processing Record 185 | Codrington
http://api.openweathermap.org/data/2.5/weather?units=Imperial&APPID=2853f2be790044b9ea0c667a889aff94&q=codrington
Processing Record 186 | Hilo
http://api.openweathermap.org/data/2.5/weather?units=Imperial&APPID=2853f2be790044b9ea0c667a889aff94&q=hilo
Processing Record 187 | Deputatskiy
http://api.openweathermap.org/data/2.5/weather?units=Imperial&APPID=2853f2be790044b9ea0c667a889aff94&q=deputatskiy
Processing Record 188 | Marzuq
http://api.openweathermap.org/data/2.5/weather?units=Imperial&APPID=2853f2be790044b9ea0c667a889aff94&q=marzuq
Processing Record 189 | Santiago del Estero
http://api.openweathermap.org/data/2.5/weather?units=Imperial&APPID=2853f2be790044b9ea0c667a889aff94&q=santiago del estero
Processing Record 190 | Yar-Sale
http://api.openweathermap.org/data/2.5/weather?units=Imperial&APPID=2853f2be790044b9ea0c667a889aff94&q=yar-sale
Processing Record 191 | Thanh Hoa
http://api.openweathermap.org/data/2.5/weather?units=Imperial&APPID=2853f2be790044b9ea0c667a889aff94&q=thanh hoa
Processing Record 192 | Bambous Virieux
http://api.openweathermap.org/data/2.5/weather?units=Imperial&APPID=2853f2be790044b9ea0c667a889aff94&q=bambous virieux
City not found. Skipping...
City not found. Skipping...
Processing Record 195 | Devils Lake
http://api.openweathermap.org/data/2.5/weather?units=Imperial&APPID=2853f2be790044b9ea0c667a889aff94&q=devils lake
Processing Record 196 | Pasni
http://api.openweathermap.org/data/2.5/weather?units=Imperial&APPID=2853f2be790044b9ea0c667a889aff94&q=pasni
Processing Record 197 | Nampa
http://api.openweathermap.org/data/2.5/weather?units=Imperial&APPID=2853f2be790044b9ea0c667a889aff94&q=nampa
Processing Record 198 | Port Keats
http://api.openweathermap.org/data/2.5/weather?units=Imperial&APPID=2853f2be790044b9ea0c667a889aff94&q=port keats
Processing Record 199 | Airai
http://api.openweathermap.org/data/2.5/weather?units=Imperial&APPID=2853f2be790044b9ea0c667a889aff94&q=airai
Processing Record 200 | Upernavik
http://api.openweathermap.org/data/2.5/weather?units=Imperial&APPID=2853f2be790044b9ea0c667a889aff94&q=upernavik
Processing Record 201 | Ranibennur
http://api.openweathermap.org/data/2.5/weather?units=Imperial&APPID=2853f2be790044b9ea0c667a889aff94&q=ranibennur
Processing Record 202 | Bekovo
http://api.openweathermap.org/data/2.5/weather?units=Imperial&APPID=2853f2be790044b9ea0c667a889aff94&q=bekovo
Processing Record 203 | Jumla
http://api.openweathermap.org/data/2.5/weather?units=Imperial&APPID=2853f2be790044b9ea0c667a889aff94&q=jumla
Processing Record 204 | Dunedin
http://api.openweathermap.org/data/2.5/weather?units=Imperial&APPID=2853f2be790044b9ea0c667a889aff94&q=dunedin
Processing Record 205 | Yeppoon
http://api.openweathermap.org/data/2.5/weather?units=Imperial&APPID=2853f2be790044b9ea0c667a889aff94&q=yeppoon
Processing Record 206 | Turukhansk
http://api.openweathermap.org/data/2.5/weather?units=Imperial&APPID=2853f2be790044b9ea0c667a889aff94&q=turukhansk
Processing Record 207 | Khatanga
http://api.openweathermap.org/data/2.5/weather?units=Imperial&APPID=2853f2be790044b9ea0c667a889aff94&q=khatanga
Processing Record 208 | Pimentel
http://api.openweathermap.org/data/2.5/weather?units=Imperial&APPID=2853f2be790044b9ea0c667a889aff94&q=pimentel
Processing Record 209 | Port Macquarie
http://api.openweathermap.org/data/2.5/weather?units=Imperial&APPID=2853f2be790044b9ea0c667a889aff94&q=port macquarie
Processing Record 210 | Dumai
http://api.openweathermap.org/data/2.5/weather?units=Imperial&APPID=2853f2be790044b9ea0c667a889aff94&q=dumai
Processing Record 211 | Bethel
http://api.openweathermap.org/data/2.5/weather?units=Imperial&APPID=2853f2be790044b9ea0c667a889aff94&q=bethel
Processing Record 212 | Sao Filipe
http://api.openweathermap.org/data/2.5/weather?units=Imperial&APPID=2853f2be790044b9ea0c667a889aff94&q=sao filipe
Processing Record 213 | Santa Cruz Cabralia
http://api.openweathermap.org/data/2.5/weather?units=Imperial&APPID=2853f2be790044b9ea0c667a889aff94&q=santa cruz cabralia
Processing Record 214 | Rock Sound
http://api.openweathermap.org/data/2.5/weather?units=Imperial&APPID=2853f2be790044b9ea0c667a889aff94&q=rock sound
Processing Record 215 | Camapua
http://api.openweathermap.org/data/2.5/weather?units=Imperial&APPID=2853f2be790044b9ea0c667a889aff94&q=camapua
Processing Record 216 | Grand Gaube
http://api.openweathermap.org/data/2.5/weather?units=Imperial&APPID=2853f2be790044b9ea0c667a889aff94&q=grand gaube
Processing Record 217 | Aswan
http://api.openweathermap.org/data/2.5/weather?units=Imperial&APPID=2853f2be790044b9ea0c667a889aff94&q=aswan
Processing Record 218 | San Marcos de Colon
http://api.openweathermap.org/data/2.5/weather?units=Imperial&APPID=2853f2be790044b9ea0c667a889aff94&q=san marcos de colon
Processing Record 219 | Zhangye
http://api.openweathermap.org/data/2.5/weather?units=Imperial&APPID=2853f2be790044b9ea0c667a889aff94&q=zhangye
Processing Record 220 | Hithadhoo
http://api.openweathermap.org/data/2.5/weather?units=Imperial&APPID=2853f2be790044b9ea0c667a889aff94&q=hithadhoo
Processing Record 221 | Lavrentiya
http://api.openweathermap.org/data/2.5/weather?units=Imperial&APPID=2853f2be790044b9ea0c667a889aff94&q=lavrentiya
Processing Record 222 | Neyveli
http://api.openweathermap.org/data/2.5/weather?units=Imperial&APPID=2853f2be790044b9ea0c667a889aff94&q=neyveli
Processing Record 223 | Palmer
http://api.openweathermap.org/data/2.5/weather?units=Imperial&APPID=2853f2be790044b9ea0c667a889aff94&q=palmer
Processing Record 224 | Nyrob
http://api.openweathermap.org/data/2.5/weather?units=Imperial&APPID=2853f2be790044b9ea0c667a889aff94&q=nyrob
Processing Record 225 | Nouadhibou
http://api.openweathermap.org/data/2.5/weather?units=Imperial&APPID=2853f2be790044b9ea0c667a889aff94&q=nouadhibou
Processing Record 226 | Holzwickede
http://api.openweathermap.org/data/2.5/weather?units=Imperial&APPID=2853f2be790044b9ea0c667a889aff94&q=holzwickede
Processing Record 227 | Rio Claro
http://api.openweathermap.org/data/2.5/weather?units=Imperial&APPID=2853f2be790044b9ea0c667a889aff94&q=rio claro
Processing Record 228 | Bozova
http://api.openweathermap.org/data/2.5/weather?units=Imperial&APPID=2853f2be790044b9ea0c667a889aff94&q=bozova
Processing Record 229 | Almaznyy
http://api.openweathermap.org/data/2.5/weather?units=Imperial&APPID=2853f2be790044b9ea0c667a889aff94&q=almaznyy
Processing Record 230 | Alofi
http://api.openweathermap.org/data/2.5/weather?units=Imperial&APPID=2853f2be790044b9ea0c667a889aff94&q=alofi
Processing Record 231 | Jose Bonifacio
http://api.openweathermap.org/data/2.5/weather?units=Imperial&APPID=2853f2be790044b9ea0c667a889aff94&q=jose bonifacio
Processing Record 232 | Jiangkou
http://api.openweathermap.org/data/2.5/weather?units=Imperial&APPID=2853f2be790044b9ea0c667a889aff94&q=jiangkou
Processing Record 233 | Berlevag
http://api.openweathermap.org/data/2.5/weather?units=Imperial&APPID=2853f2be790044b9ea0c667a889aff94&q=berlevag
Processing Record 234 | Bryukhovychi
http://api.openweathermap.org/data/2.5/weather?units=Imperial&APPID=2853f2be790044b9ea0c667a889aff94&q=bryukhovychi
Processing Record 235 | Kirkwall
http://api.openweathermap.org/data/2.5/weather?units=Imperial&APPID=2853f2be790044b9ea0c667a889aff94&q=kirkwall
Processing Record 236 | College
http://api.openweathermap.org/data/2.5/weather?units=Imperial&APPID=2853f2be790044b9ea0c667a889aff94&q=college
Processing Record 237 | Kamenka
http://api.openweathermap.org/data/2.5/weather?units=Imperial&APPID=2853f2be790044b9ea0c667a889aff94&q=kamenka
Processing Record 238 | Nabire
http://api.openweathermap.org/data/2.5/weather?units=Imperial&APPID=2853f2be790044b9ea0c667a889aff94&q=nabire
Processing Record 239 | Cap Malheureux
http://api.openweathermap.org/data/2.5/weather?units=Imperial&APPID=2853f2be790044b9ea0c667a889aff94&q=cap malheureux
Processing Record 240 | Kirovskiy
http://api.openweathermap.org/data/2.5/weather?units=Imperial&APPID=2853f2be790044b9ea0c667a889aff94&q=kirovskiy
Processing Record 241 | Pevek
http://api.openweathermap.org/data/2.5/weather?units=Imperial&APPID=2853f2be790044b9ea0c667a889aff94&q=pevek
Processing Record 242 | Merritt
http://api.openweathermap.org/data/2.5/weather?units=Imperial&APPID=2853f2be790044b9ea0c667a889aff94&q=merritt
Processing Record 243 | Port Lincoln
http://api.openweathermap.org/data/2.5/weather?units=Imperial&APPID=2853f2be790044b9ea0c667a889aff94&q=port lincoln
Processing Record 244 | Cabo San Lucas
http://api.openweathermap.org/data/2.5/weather?units=Imperial&APPID=2853f2be790044b9ea0c667a889aff94&q=cabo san lucas
Processing Record 245 | Gigmoto
http://api.openweathermap.org/data/2.5/weather?units=Imperial&APPID=2853f2be790044b9ea0c667a889aff94&q=gigmoto
Processing Record 246 | Mwinilunga
http://api.openweathermap.org/data/2.5/weather?units=Imperial&APPID=2853f2be790044b9ea0c667a889aff94&q=mwinilunga
Processing Record 247 | Araouane
http://api.openweathermap.org/data/2.5/weather?units=Imperial&APPID=2853f2be790044b9ea0c667a889aff94&q=araouane
Processing Record 248 | Hobyo
http://api.openweathermap.org/data/2.5/weather?units=Imperial&APPID=2853f2be790044b9ea0c667a889aff94&q=hobyo
Processing Record 249 | Barrow
http://api.openweathermap.org/data/2.5/weather?units=Imperial&APPID=2853f2be790044b9ea0c667a889aff94&q=barrow
Processing Record 250 | Cosenza
http://api.openweathermap.org/data/2.5/weather?units=Imperial&APPID=2853f2be790044b9ea0c667a889aff94&q=cosenza
City not found. Skipping...
Processing Record 252 | Beaufort
http://api.openweathermap.org/data/2.5/weather?units=Imperial&APPID=2853f2be790044b9ea0c667a889aff94&q=beaufort
Processing Record 253 | Saint Anthony
http://api.openweathermap.org/data/2.5/weather?units=Imperial&APPID=2853f2be790044b9ea0c667a889aff94&q=saint anthony
Processing Record 254 | Smithers
http://api.openweathermap.org/data/2.5/weather?units=Imperial&APPID=2853f2be790044b9ea0c667a889aff94&q=smithers
Processing Record 255 | Leningradskiy
http://api.openweathermap.org/data/2.5/weather?units=Imperial&APPID=2853f2be790044b9ea0c667a889aff94&q=leningradskiy
Processing Record 256 | Vestmannaeyjar
http://api.openweathermap.org/data/2.5/weather?units=Imperial&APPID=2853f2be790044b9ea0c667a889aff94&q=vestmannaeyjar
Processing Record 257 | Kawalu
http://api.openweathermap.org/data/2.5/weather?units=Imperial&APPID=2853f2be790044b9ea0c667a889aff94&q=kawalu
Processing Record 258 | Vila do Maio
http://api.openweathermap.org/data/2.5/weather?units=Imperial&APPID=2853f2be790044b9ea0c667a889aff94&q=vila do maio
Processing Record 259 | Coihaique
http://api.openweathermap.org/data/2.5/weather?units=Imperial&APPID=2853f2be790044b9ea0c667a889aff94&q=coihaique
Processing Record 260 | Gizo
http://api.openweathermap.org/data/2.5/weather?units=Imperial&APPID=2853f2be790044b9ea0c667a889aff94&q=gizo
Processing Record 261 | Carutapera
http://api.openweathermap.org/data/2.5/weather?units=Imperial&APPID=2853f2be790044b9ea0c667a889aff94&q=carutapera
Processing Record 262 | Razole
http://api.openweathermap.org/data/2.5/weather?units=Imperial&APPID=2853f2be790044b9ea0c667a889aff94&q=razole
Processing Record 263 | Manaure
http://api.openweathermap.org/data/2.5/weather?units=Imperial&APPID=2853f2be790044b9ea0c667a889aff94&q=manaure
Processing Record 264 | Nome
http://api.openweathermap.org/data/2.5/weather?units=Imperial&APPID=2853f2be790044b9ea0c667a889aff94&q=nome
Processing Record 265 | Rafai
http://api.openweathermap.org/data/2.5/weather?units=Imperial&APPID=2853f2be790044b9ea0c667a889aff94&q=rafai
City not found. Skipping...
Processing Record 267 | Etchojoa
http://api.openweathermap.org/data/2.5/weather?units=Imperial&APPID=2853f2be790044b9ea0c667a889aff94&q=etchojoa
Processing Record 268 | Egvekinot
http://api.openweathermap.org/data/2.5/weather?units=Imperial&APPID=2853f2be790044b9ea0c667a889aff94&q=egvekinot
Processing Record 269 | Lompoc
http://api.openweathermap.org/data/2.5/weather?units=Imperial&APPID=2853f2be790044b9ea0c667a889aff94&q=lompoc
Processing Record 270 | Oranjemund
http://api.openweathermap.org/data/2.5/weather?units=Imperial&APPID=2853f2be790044b9ea0c667a889aff94&q=oranjemund
Processing Record 271 | Mae Sai
http://api.openweathermap.org/data/2.5/weather?units=Imperial&APPID=2853f2be790044b9ea0c667a889aff94&q=mae sai
Processing Record 272 | Saskylakh
http://api.openweathermap.org/data/2.5/weather?units=Imperial&APPID=2853f2be790044b9ea0c667a889aff94&q=saskylakh
Processing Record 273 | Ancud
http://api.openweathermap.org/data/2.5/weather?units=Imperial&APPID=2853f2be790044b9ea0c667a889aff94&q=ancud
City not found. Skipping...
City not found. Skipping...
City not found. Skipping...
Processing Record 277 | Nicoya
http://api.openweathermap.org/data/2.5/weather?units=Imperial&APPID=2853f2be790044b9ea0c667a889aff94&q=nicoya
Processing Record 278 | Toyooka
http://api.openweathermap.org/data/2.5/weather?units=Imperial&APPID=2853f2be790044b9ea0c667a889aff94&q=toyooka
Processing Record 279 | Aliwal North
http://api.openweathermap.org/data/2.5/weather?units=Imperial&APPID=2853f2be790044b9ea0c667a889aff94&q=aliwal north
Processing Record 280 | Padang
http://api.openweathermap.org/data/2.5/weather?units=Imperial&APPID=2853f2be790044b9ea0c667a889aff94&q=padang
Processing Record 281 | Nizwa
http://api.openweathermap.org/data/2.5/weather?units=Imperial&APPID=2853f2be790044b9ea0c667a889aff94&q=nizwa
Processing Record 282 | Kahului
http://api.openweathermap.org/data/2.5/weather?units=Imperial&APPID=2853f2be790044b9ea0c667a889aff94&q=kahului
Processing Record 283 | Verkhnevilyuysk
http://api.openweathermap.org/data/2.5/weather?units=Imperial&APPID=2853f2be790044b9ea0c667a889aff94&q=verkhnevilyuysk
Processing Record 284 | Azul
http://api.openweathermap.org/data/2.5/weather?units=Imperial&APPID=2853f2be790044b9ea0c667a889aff94&q=azul
Processing Record 285 | Kruisfontein
http://api.openweathermap.org/data/2.5/weather?units=Imperial&APPID=2853f2be790044b9ea0c667a889aff94&q=kruisfontein
Processing Record 286 | Baraki Barak
http://api.openweathermap.org/data/2.5/weather?units=Imperial&APPID=2853f2be790044b9ea0c667a889aff94&q=baraki barak
Processing Record 287 | Bodden Town
http://api.openweathermap.org/data/2.5/weather?units=Imperial&APPID=2853f2be790044b9ea0c667a889aff94&q=bodden town
Processing Record 288 | Marawi
http://api.openweathermap.org/data/2.5/weather?units=Imperial&APPID=2853f2be790044b9ea0c667a889aff94&q=marawi
Processing Record 289 | Gwadar
http://api.openweathermap.org/data/2.5/weather?units=Imperial&APPID=2853f2be790044b9ea0c667a889aff94&q=gwadar
Processing Record 290 | Faya
http://api.openweathermap.org/data/2.5/weather?units=Imperial&APPID=2853f2be790044b9ea0c667a889aff94&q=faya
Processing Record 291 | Ilulissat
http://api.openweathermap.org/data/2.5/weather?units=Imperial&APPID=2853f2be790044b9ea0c667a889aff94&q=ilulissat
Processing Record 292 | Christchurch
http://api.openweathermap.org/data/2.5/weather?units=Imperial&APPID=2853f2be790044b9ea0c667a889aff94&q=christchurch
Processing Record 293 | Marquette
http://api.openweathermap.org/data/2.5/weather?units=Imperial&APPID=2853f2be790044b9ea0c667a889aff94&q=marquette
Processing Record 294 | Birin
http://api.openweathermap.org/data/2.5/weather?units=Imperial&APPID=2853f2be790044b9ea0c667a889aff94&q=birin
Processing Record 295 | Broken Hill
http://api.openweathermap.org/data/2.5/weather?units=Imperial&APPID=2853f2be790044b9ea0c667a889aff94&q=broken hill
City not found. Skipping...
Processing Record 297 | Severo-Kurilsk
http://api.openweathermap.org/data/2.5/weather?units=Imperial&APPID=2853f2be790044b9ea0c667a889aff94&q=severo-kurilsk
City not found. Skipping...
Processing Record 299 | Linqiong
http://api.openweathermap.org/data/2.5/weather?units=Imperial&APPID=2853f2be790044b9ea0c667a889aff94&q=linqiong
Processing Record 300 | Fortuna
http://api.openweathermap.org/data/2.5/weather?units=Imperial&APPID=2853f2be790044b9ea0c667a889aff94&q=fortuna
Processing Record 301 | Paredon
http://api.openweathermap.org/data/2.5/weather?units=Imperial&APPID=2853f2be790044b9ea0c667a889aff94&q=paredon
Processing Record 302 | Constitucion
http://api.openweathermap.org/data/2.5/weather?units=Imperial&APPID=2853f2be790044b9ea0c667a889aff94&q=constitucion
Processing Record 303 | Bathsheba
http://api.openweathermap.org/data/2.5/weather?units=Imperial&APPID=2853f2be790044b9ea0c667a889aff94&q=bathsheba
City not found. Skipping...
City not found. Skipping...
Processing Record 306 | Kangaba
http://api.openweathermap.org/data/2.5/weather?units=Imperial&APPID=2853f2be790044b9ea0c667a889aff94&q=kangaba
Processing Record 307 | Piltene
http://api.openweathermap.org/data/2.5/weather?units=Imperial&APPID=2853f2be790044b9ea0c667a889aff94&q=piltene
Processing Record 308 | Souillac
http://api.openweathermap.org/data/2.5/weather?units=Imperial&APPID=2853f2be790044b9ea0c667a889aff94&q=souillac
Processing Record 309 | Cusuna
http://api.openweathermap.org/data/2.5/weather?units=Imperial&APPID=2853f2be790044b9ea0c667a889aff94&q=cusuna
Processing Record 310 | Jardim
http://api.openweathermap.org/data/2.5/weather?units=Imperial&APPID=2853f2be790044b9ea0c667a889aff94&q=jardim
Processing Record 311 | Suntar
http://api.openweathermap.org/data/2.5/weather?units=Imperial&APPID=2853f2be790044b9ea0c667a889aff94&q=suntar
Processing Record 312 | Witu
http://api.openweathermap.org/data/2.5/weather?units=Imperial&APPID=2853f2be790044b9ea0c667a889aff94&q=witu
Processing Record 313 | Songjianghe
http://api.openweathermap.org/data/2.5/weather?units=Imperial&APPID=2853f2be790044b9ea0c667a889aff94&q=songjianghe
Processing Record 314 | Esik
http://api.openweathermap.org/data/2.5/weather?units=Imperial&APPID=2853f2be790044b9ea0c667a889aff94&q=esik
Processing Record 315 | Shache
http://api.openweathermap.org/data/2.5/weather?units=Imperial&APPID=2853f2be790044b9ea0c667a889aff94&q=shache
Processing Record 316 | Monterey
http://api.openweathermap.org/data/2.5/weather?units=Imperial&APPID=2853f2be790044b9ea0c667a889aff94&q=monterey
City not found. Skipping...
Processing Record 318 | Suruc
http://api.openweathermap.org/data/2.5/weather?units=Imperial&APPID=2853f2be790044b9ea0c667a889aff94&q=suruc
Processing Record 319 | Ponta do Sol
http://api.openweathermap.org/data/2.5/weather?units=Imperial&APPID=2853f2be790044b9ea0c667a889aff94&q=ponta do sol
Processing Record 320 | Macomer
http://api.openweathermap.org/data/2.5/weather?units=Imperial&APPID=2853f2be790044b9ea0c667a889aff94&q=macomer
Processing Record 321 | Namibe
http://api.openweathermap.org/data/2.5/weather?units=Imperial&APPID=2853f2be790044b9ea0c667a889aff94&q=namibe
Processing Record 322 | Rawson
http://api.openweathermap.org/data/2.5/weather?units=Imperial&APPID=2853f2be790044b9ea0c667a889aff94&q=rawson
City not found. Skipping...
Processing Record 324 | Jiaozuo
http://api.openweathermap.org/data/2.5/weather?units=Imperial&APPID=2853f2be790044b9ea0c667a889aff94&q=jiaozuo
Processing Record 325 | Pisco
http://api.openweathermap.org/data/2.5/weather?units=Imperial&APPID=2853f2be790044b9ea0c667a889aff94&q=pisco
Processing Record 326 | Sambava
http://api.openweathermap.org/data/2.5/weather?units=Imperial&APPID=2853f2be790044b9ea0c667a889aff94&q=sambava
Processing Record 327 | Klaksvik
http://api.openweathermap.org/data/2.5/weather?units=Imperial&APPID=2853f2be790044b9ea0c667a889aff94&q=klaksvik
Processing Record 328 | Dayong
http://api.openweathermap.org/data/2.5/weather?units=Imperial&APPID=2853f2be790044b9ea0c667a889aff94&q=dayong
Processing Record 329 | Miyako
http://api.openweathermap.org/data/2.5/weather?units=Imperial&APPID=2853f2be790044b9ea0c667a889aff94&q=miyako
Processing Record 330 | Carnarvon
http://api.openweathermap.org/data/2.5/weather?units=Imperial&APPID=2853f2be790044b9ea0c667a889aff94&q=carnarvon
Processing Record 331 | Mahebourg
http://api.openweathermap.org/data/2.5/weather?units=Imperial&APPID=2853f2be790044b9ea0c667a889aff94&q=mahebourg
Processing Record 332 | Hay River
http://api.openweathermap.org/data/2.5/weather?units=Imperial&APPID=2853f2be790044b9ea0c667a889aff94&q=hay river
Processing Record 333 | Lyuban
http://api.openweathermap.org/data/2.5/weather?units=Imperial&APPID=2853f2be790044b9ea0c667a889aff94&q=lyuban
Processing Record 334 | Provideniya
http://api.openweathermap.org/data/2.5/weather?units=Imperial&APPID=2853f2be790044b9ea0c667a889aff94&q=provideniya
Processing Record 335 | Aklavik
http://api.openweathermap.org/data/2.5/weather?units=Imperial&APPID=2853f2be790044b9ea0c667a889aff94&q=aklavik
Processing Record 336 | Waipawa
http://api.openweathermap.org/data/2.5/weather?units=Imperial&APPID=2853f2be790044b9ea0c667a889aff94&q=waipawa
Processing Record 337 | Lushnje
http://api.openweathermap.org/data/2.5/weather?units=Imperial&APPID=2853f2be790044b9ea0c667a889aff94&q=lushnje
City not found. Skipping...
Processing Record 339 | Guerrero Negro
http://api.openweathermap.org/data/2.5/weather?units=Imperial&APPID=2853f2be790044b9ea0c667a889aff94&q=guerrero negro
Processing Record 340 | Heves
http://api.openweathermap.org/data/2.5/weather?units=Imperial&APPID=2853f2be790044b9ea0c667a889aff94&q=heves
Processing Record 341 | Kattivakkam
http://api.openweathermap.org/data/2.5/weather?units=Imperial&APPID=2853f2be790044b9ea0c667a889aff94&q=kattivakkam
Processing Record 342 | Panjab
http://api.openweathermap.org/data/2.5/weather?units=Imperial&APPID=2853f2be790044b9ea0c667a889aff94&q=panjab
Processing Record 343 | George Town
http://api.openweathermap.org/data/2.5/weather?units=Imperial&APPID=2853f2be790044b9ea0c667a889aff94&q=george town
Processing Record 344 | Morondava
http://api.openweathermap.org/data/2.5/weather?units=Imperial&APPID=2853f2be790044b9ea0c667a889aff94&q=morondava
City not found. Skipping...
Processing Record 346 | Mackay
http://api.openweathermap.org/data/2.5/weather?units=Imperial&APPID=2853f2be790044b9ea0c667a889aff94&q=mackay
Processing Record 347 | Avera
http://api.openweathermap.org/data/2.5/weather?units=Imperial&APPID=2853f2be790044b9ea0c667a889aff94&q=avera
Processing Record 348 | Ushtobe
http://api.openweathermap.org/data/2.5/weather?units=Imperial&APPID=2853f2be790044b9ea0c667a889aff94&q=ushtobe
Processing Record 349 | Mabai
http://api.openweathermap.org/data/2.5/weather?units=Imperial&APPID=2853f2be790044b9ea0c667a889aff94&q=mabai
Processing Record 350 | Homer
http://api.openweathermap.org/data/2.5/weather?units=Imperial&APPID=2853f2be790044b9ea0c667a889aff94&q=homer
City not found. Skipping...
Processing Record 352 | Salinas
http://api.openweathermap.org/data/2.5/weather?units=Imperial&APPID=2853f2be790044b9ea0c667a889aff94&q=salinas
City not found. Skipping...
Processing Record 354 | Chibuto
http://api.openweathermap.org/data/2.5/weather?units=Imperial&APPID=2853f2be790044b9ea0c667a889aff94&q=chibuto
Processing Record 355 | Dwarka
http://api.openweathermap.org/data/2.5/weather?units=Imperial&APPID=2853f2be790044b9ea0c667a889aff94&q=dwarka
Processing Record 356 | Zhaoyuan
http://api.openweathermap.org/data/2.5/weather?units=Imperial&APPID=2853f2be790044b9ea0c667a889aff94&q=zhaoyuan
Processing Record 357 | Blyth
http://api.openweathermap.org/data/2.5/weather?units=Imperial&APPID=2853f2be790044b9ea0c667a889aff94&q=blyth
Processing Record 358 | Tazmalt
http://api.openweathermap.org/data/2.5/weather?units=Imperial&APPID=2853f2be790044b9ea0c667a889aff94&q=tazmalt
Processing Record 359 | Sayyan
http://api.openweathermap.org/data/2.5/weather?units=Imperial&APPID=2853f2be790044b9ea0c667a889aff94&q=sayyan
Processing Record 360 | Taltal
http://api.openweathermap.org/data/2.5/weather?units=Imperial&APPID=2853f2be790044b9ea0c667a889aff94&q=taltal
Processing Record 361 | Cockburn Town
http://api.openweathermap.org/data/2.5/weather?units=Imperial&APPID=2853f2be790044b9ea0c667a889aff94&q=cockburn town
Processing Record 362 | Praia da Vitoria
http://api.openweathermap.org/data/2.5/weather?units=Imperial&APPID=2853f2be790044b9ea0c667a889aff94&q=praia da vitoria
Processing Record 363 | Varhaug
http://api.openweathermap.org/data/2.5/weather?units=Imperial&APPID=2853f2be790044b9ea0c667a889aff94&q=varhaug
Processing Record 364 | Moyale
http://api.openweathermap.org/data/2.5/weather?units=Imperial&APPID=2853f2be790044b9ea0c667a889aff94&q=moyale
Processing Record 365 | Gat
http://api.openweathermap.org/data/2.5/weather?units=Imperial&APPID=2853f2be790044b9ea0c667a889aff94&q=gat
Processing Record 366 | Thunder Bay
http://api.openweathermap.org/data/2.5/weather?units=Imperial&APPID=2853f2be790044b9ea0c667a889aff94&q=thunder bay
Processing Record 367 | Jinji
http://api.openweathermap.org/data/2.5/weather?units=Imperial&APPID=2853f2be790044b9ea0c667a889aff94&q=jinji
Processing Record 368 | Cootamundra
http://api.openweathermap.org/data/2.5/weather?units=Imperial&APPID=2853f2be790044b9ea0c667a889aff94&q=cootamundra
City not found. Skipping...
Processing Record 370 | Raudeberg
http://api.openweathermap.org/data/2.5/weather?units=Imperial&APPID=2853f2be790044b9ea0c667a889aff94&q=raudeberg
Processing Record 371 | Moscow
http://api.openweathermap.org/data/2.5/weather?units=Imperial&APPID=2853f2be790044b9ea0c667a889aff94&q=moscow
Processing Record 372 | Pacific Grove
http://api.openweathermap.org/data/2.5/weather?units=Imperial&APPID=2853f2be790044b9ea0c667a889aff94&q=pacific grove
Processing Record 373 | Bocana de Paiwas
http://api.openweathermap.org/data/2.5/weather?units=Imperial&APPID=2853f2be790044b9ea0c667a889aff94&q=bocana de paiwas
Processing Record 374 | Beloha
http://api.openweathermap.org/data/2.5/weather?units=Imperial&APPID=2853f2be790044b9ea0c667a889aff94&q=beloha
Processing Record 375 | Kokstad
http://api.openweathermap.org/data/2.5/weather?units=Imperial&APPID=2853f2be790044b9ea0c667a889aff94&q=kokstad
Processing Record 376 | Zunyi
http://api.openweathermap.org/data/2.5/weather?units=Imperial&APPID=2853f2be790044b9ea0c667a889aff94&q=zunyi
Processing Record 377 | Muyezerskiy
http://api.openweathermap.org/data/2.5/weather?units=Imperial&APPID=2853f2be790044b9ea0c667a889aff94&q=muyezerskiy
Processing Record 378 | Safidon
http://api.openweathermap.org/data/2.5/weather?units=Imperial&APPID=2853f2be790044b9ea0c667a889aff94&q=safidon
Processing Record 379 | Oudtshoorn
http://api.openweathermap.org/data/2.5/weather?units=Imperial&APPID=2853f2be790044b9ea0c667a889aff94&q=oudtshoorn
Processing Record 380 | Richards Bay
http://api.openweathermap.org/data/2.5/weather?units=Imperial&APPID=2853f2be790044b9ea0c667a889aff94&q=richards bay
Processing Record 381 | Kalach-na-Donu
http://api.openweathermap.org/data/2.5/weather?units=Imperial&APPID=2853f2be790044b9ea0c667a889aff94&q=kalach-na-donu
Processing Record 382 | Churapcha
http://api.openweathermap.org/data/2.5/weather?units=Imperial&APPID=2853f2be790044b9ea0c667a889aff94&q=churapcha
Processing Record 383 | Acapulco
http://api.openweathermap.org/data/2.5/weather?units=Imperial&APPID=2853f2be790044b9ea0c667a889aff94&q=acapulco
Processing Record 384 | Santos Reyes Nopala
http://api.openweathermap.org/data/2.5/weather?units=Imperial&APPID=2853f2be790044b9ea0c667a889aff94&q=santos reyes nopala
Processing Record 385 | Mechernich
http://api.openweathermap.org/data/2.5/weather?units=Imperial&APPID=2853f2be790044b9ea0c667a889aff94&q=mechernich
Processing Record 386 | Sangueya
http://api.openweathermap.org/data/2.5/weather?units=Imperial&APPID=2853f2be790044b9ea0c667a889aff94&q=sangueya
Processing Record 387 | Novhorodka
http://api.openweathermap.org/data/2.5/weather?units=Imperial&APPID=2853f2be790044b9ea0c667a889aff94&q=novhorodka
Processing Record 388 | Meadow Lake
http://api.openweathermap.org/data/2.5/weather?units=Imperial&APPID=2853f2be790044b9ea0c667a889aff94&q=meadow lake
Processing Record 389 | Esna
http://api.openweathermap.org/data/2.5/weather?units=Imperial&APPID=2853f2be790044b9ea0c667a889aff94&q=esna
Processing Record 390 | Erenhot
http://api.openweathermap.org/data/2.5/weather?units=Imperial&APPID=2853f2be790044b9ea0c667a889aff94&q=erenhot
Processing Record 391 | Quebec
http://api.openweathermap.org/data/2.5/weather?units=Imperial&APPID=2853f2be790044b9ea0c667a889aff94&q=quebec
Processing Record 392 | Tanout
http://api.openweathermap.org/data/2.5/weather?units=Imperial&APPID=2853f2be790044b9ea0c667a889aff94&q=tanout
Processing Record 393 | Huarmey
http://api.openweathermap.org/data/2.5/weather?units=Imperial&APPID=2853f2be790044b9ea0c667a889aff94&q=huarmey
Processing Record 394 | Pedernales
http://api.openweathermap.org/data/2.5/weather?units=Imperial&APPID=2853f2be790044b9ea0c667a889aff94&q=pedernales
Processing Record 395 | Tura
http://api.openweathermap.org/data/2.5/weather?units=Imperial&APPID=2853f2be790044b9ea0c667a889aff94&q=tura
Processing Record 396 | Kodinsk
http://api.openweathermap.org/data/2.5/weather?units=Imperial&APPID=2853f2be790044b9ea0c667a889aff94&q=kodinsk
Processing Record 397 | Shubarshi
http://api.openweathermap.org/data/2.5/weather?units=Imperial&APPID=2853f2be790044b9ea0c667a889aff94&q=shubarshi
Processing Record 398 | Kyren
http://api.openweathermap.org/data/2.5/weather?units=Imperial&APPID=2853f2be790044b9ea0c667a889aff94&q=kyren
Processing Record 399 | Isangel
http://api.openweathermap.org/data/2.5/weather?units=Imperial&APPID=2853f2be790044b9ea0c667a889aff94&q=isangel
Processing Record 400 | Ryotsu
http://api.openweathermap.org/data/2.5/weather?units=Imperial&APPID=2853f2be790044b9ea0c667a889aff94&q=ryotsu
City not found. Skipping...
Processing Record 402 | Baykit
http://api.openweathermap.org/data/2.5/weather?units=Imperial&APPID=2853f2be790044b9ea0c667a889aff94&q=baykit
Processing Record 403 | Vallenar
http://api.openweathermap.org/data/2.5/weather?units=Imperial&APPID=2853f2be790044b9ea0c667a889aff94&q=vallenar
Processing Record 404 | Cheremukhovo
http://api.openweathermap.org/data/2.5/weather?units=Imperial&APPID=2853f2be790044b9ea0c667a889aff94&q=cheremukhovo
Processing Record 405 | Tual
http://api.openweathermap.org/data/2.5/weather?units=Imperial&APPID=2853f2be790044b9ea0c667a889aff94&q=tual
Processing Record 406 | Mirabad
http://api.openweathermap.org/data/2.5/weather?units=Imperial&APPID=2853f2be790044b9ea0c667a889aff94&q=mirabad
Processing Record 407 | Puerto Cabezas
http://api.openweathermap.org/data/2.5/weather?units=Imperial&APPID=2853f2be790044b9ea0c667a889aff94&q=puerto cabezas
Processing Record 408 | Aksu
http://api.openweathermap.org/data/2.5/weather?units=Imperial&APPID=2853f2be790044b9ea0c667a889aff94&q=aksu
Processing Record 409 | Columbus
http://api.openweathermap.org/data/2.5/weather?units=Imperial&APPID=2853f2be790044b9ea0c667a889aff94&q=columbus
Processing Record 410 | Sandnessjoen
http://api.openweathermap.org/data/2.5/weather?units=Imperial&APPID=2853f2be790044b9ea0c667a889aff94&q=sandnessjoen
Processing Record 411 | Erzin
http://api.openweathermap.org/data/2.5/weather?units=Imperial&APPID=2853f2be790044b9ea0c667a889aff94&q=erzin
Processing Record 412 | Port-Cartier
http://api.openweathermap.org/data/2.5/weather?units=Imperial&APPID=2853f2be790044b9ea0c667a889aff94&q=port-cartier
Processing Record 413 | Geraldton
http://api.openweathermap.org/data/2.5/weather?units=Imperial&APPID=2853f2be790044b9ea0c667a889aff94&q=geraldton
Processing Record 414 | Nara
http://api.openweathermap.org/data/2.5/weather?units=Imperial&APPID=2853f2be790044b9ea0c667a889aff94&q=nara
Processing Record 415 | Kaeo
http://api.openweathermap.org/data/2.5/weather?units=Imperial&APPID=2853f2be790044b9ea0c667a889aff94&q=kaeo
Processing Record 416 | Biltine
http://api.openweathermap.org/data/2.5/weather?units=Imperial&APPID=2853f2be790044b9ea0c667a889aff94&q=biltine
Processing Record 417 | Fuxin
http://api.openweathermap.org/data/2.5/weather?units=Imperial&APPID=2853f2be790044b9ea0c667a889aff94&q=fuxin
Processing Record 418 | Beachwood
http://api.openweathermap.org/data/2.5/weather?units=Imperial&APPID=2853f2be790044b9ea0c667a889aff94&q=beachwood
City not found. Skipping...
Processing Record 420 | Praya
http://api.openweathermap.org/data/2.5/weather?units=Imperial&APPID=2853f2be790044b9ea0c667a889aff94&q=praya
Processing Record 421 | Ust-Tsilma
http://api.openweathermap.org/data/2.5/weather?units=Imperial&APPID=2853f2be790044b9ea0c667a889aff94&q=ust-tsilma
Processing Record 422 | Touros
http://api.openweathermap.org/data/2.5/weather?units=Imperial&APPID=2853f2be790044b9ea0c667a889aff94&q=touros
Processing Record 423 | Chuy
http://api.openweathermap.org/data/2.5/weather?units=Imperial&APPID=2853f2be790044b9ea0c667a889aff94&q=chuy
Processing Record 424 | Hovd
http://api.openweathermap.org/data/2.5/weather?units=Imperial&APPID=2853f2be790044b9ea0c667a889aff94&q=hovd
Processing Record 425 | Chapais
http://api.openweathermap.org/data/2.5/weather?units=Imperial&APPID=2853f2be790044b9ea0c667a889aff94&q=chapais
Processing Record 426 | Islamkot
http://api.openweathermap.org/data/2.5/weather?units=Imperial&APPID=2853f2be790044b9ea0c667a889aff94&q=islamkot
Processing Record 427 | Sorochinsk
http://api.openweathermap.org/data/2.5/weather?units=Imperial&APPID=2853f2be790044b9ea0c667a889aff94&q=sorochinsk
Processing Record 428 | Kalaleh
http://api.openweathermap.org/data/2.5/weather?units=Imperial&APPID=2853f2be790044b9ea0c667a889aff94&q=kalaleh
Processing Record 429 | Karabulak
http://api.openweathermap.org/data/2.5/weather?units=Imperial&APPID=2853f2be790044b9ea0c667a889aff94&q=karabulak
Processing Record 430 | Byron Bay
http://api.openweathermap.org/data/2.5/weather?units=Imperial&APPID=2853f2be790044b9ea0c667a889aff94&q=byron bay
Processing Record 431 | Laurel
http://api.openweathermap.org/data/2.5/weather?units=Imperial&APPID=2853f2be790044b9ea0c667a889aff94&q=laurel
Processing Record 432 | Binzhou
http://api.openweathermap.org/data/2.5/weather?units=Imperial&APPID=2853f2be790044b9ea0c667a889aff94&q=binzhou
City not found. Skipping...
Processing Record 434 | Nikel
http://api.openweathermap.org/data/2.5/weather?units=Imperial&APPID=2853f2be790044b9ea0c667a889aff94&q=nikel
Processing Record 435 | Ahipara
http://api.openweathermap.org/data/2.5/weather?units=Imperial&APPID=2853f2be790044b9ea0c667a889aff94&q=ahipara
Processing Record 436 | Goma
http://api.openweathermap.org/data/2.5/weather?units=Imperial&APPID=2853f2be790044b9ea0c667a889aff94&q=goma
Processing Record 437 | Kavaratti
http://api.openweathermap.org/data/2.5/weather?units=Imperial&APPID=2853f2be790044b9ea0c667a889aff94&q=kavaratti
Processing Record 438 | Mayya
http://api.openweathermap.org/data/2.5/weather?units=Imperial&APPID=2853f2be790044b9ea0c667a889aff94&q=mayya
Processing Record 439 | Chicama
http://api.openweathermap.org/data/2.5/weather?units=Imperial&APPID=2853f2be790044b9ea0c667a889aff94&q=chicama
Processing Record 440 | Taoudenni
http://api.openweathermap.org/data/2.5/weather?units=Imperial&APPID=2853f2be790044b9ea0c667a889aff94&q=taoudenni
Processing Record 441 | Timbuktu
http://api.openweathermap.org/data/2.5/weather?units=Imperial&APPID=2853f2be790044b9ea0c667a889aff94&q=tombouctou
Processing Record 442 | Bapatla
http://api.openweathermap.org/data/2.5/weather?units=Imperial&APPID=2853f2be790044b9ea0c667a889aff94&q=bapatla
Processing Record 443 | Vila Velha
http://api.openweathermap.org/data/2.5/weather?units=Imperial&APPID=2853f2be790044b9ea0c667a889aff94&q=vila velha
Processing Record 444 | Gazanjyk
http://api.openweathermap.org/data/2.5/weather?units=Imperial&APPID=2853f2be790044b9ea0c667a889aff94&q=gazanjyk
Processing Record 445 | Maryborough
http://api.openweathermap.org/data/2.5/weather?units=Imperial&APPID=2853f2be790044b9ea0c667a889aff94&q=maryborough
Processing Record 446 | Uglovskoye
http://api.openweathermap.org/data/2.5/weather?units=Imperial&APPID=2853f2be790044b9ea0c667a889aff94&q=uglovskoye
Processing Record 447 | Bumba
http://api.openweathermap.org/data/2.5/weather?units=Imperial&APPID=2853f2be790044b9ea0c667a889aff94&q=bumba
Processing Record 448 | Naze
http://api.openweathermap.org/data/2.5/weather?units=Imperial&APPID=2853f2be790044b9ea0c667a889aff94&q=naze
Processing Record 449 | Axim
http://api.openweathermap.org/data/2.5/weather?units=Imperial&APPID=2853f2be790044b9ea0c667a889aff94&q=axim
City not found. Skipping...
Processing Record 451 | Jalu
http://api.openweathermap.org/data/2.5/weather?units=Imperial&APPID=2853f2be790044b9ea0c667a889aff94&q=jalu
Processing Record 452 | Masuguru
http://api.openweathermap.org/data/2.5/weather?units=Imperial&APPID=2853f2be790044b9ea0c667a889aff94&q=masuguru
City not found. Skipping...
City not found. Skipping...
Processing Record 455 | Manzhouli
http://api.openweathermap.org/data/2.5/weather?units=Imperial&APPID=2853f2be790044b9ea0c667a889aff94&q=manzhouli
Processing Record 456 | Meulaboh
http://api.openweathermap.org/data/2.5/weather?units=Imperial&APPID=2853f2be790044b9ea0c667a889aff94&q=meulaboh
Processing Record 457 | Avanigadda
http://api.openweathermap.org/data/2.5/weather?units=Imperial&APPID=2853f2be790044b9ea0c667a889aff94&q=avanigadda
Processing Record 458 | Samarai
http://api.openweathermap.org/data/2.5/weather?units=Imperial&APPID=2853f2be790044b9ea0c667a889aff94&q=samarai
Processing Record 459 | Darnah
http://api.openweathermap.org/data/2.5/weather?units=Imperial&APPID=2853f2be790044b9ea0c667a889aff94&q=darnah
Processing Record 460 | Jidong
http://api.openweathermap.org/data/2.5/weather?units=Imperial&APPID=2853f2be790044b9ea0c667a889aff94&q=jidong
City not found. Skipping...
Processing Record 462 | Katsuura
http://api.openweathermap.org/data/2.5/weather?units=Imperial&APPID=2853f2be790044b9ea0c667a889aff94&q=katsuura
Processing Record 463 | Minot
http://api.openweathermap.org/data/2.5/weather?units=Imperial&APPID=2853f2be790044b9ea0c667a889aff94&q=minot
Processing Record 464 | Diamantino
http://api.openweathermap.org/data/2.5/weather?units=Imperial&APPID=2853f2be790044b9ea0c667a889aff94&q=diamantino
City not found. Skipping...
Processing Record 466 | Iberia
http://api.openweathermap.org/data/2.5/weather?units=Imperial&APPID=2853f2be790044b9ea0c667a889aff94&q=iberia
Processing Record 467 | Mankapur
http://api.openweathermap.org/data/2.5/weather?units=Imperial&APPID=2853f2be790044b9ea0c667a889aff94&q=mankapur
Processing Record 468 | Goderich
http://api.openweathermap.org/data/2.5/weather?units=Imperial&APPID=2853f2be790044b9ea0c667a889aff94&q=goderich
Processing Record 469 | Jacareacanga
http://api.openweathermap.org/data/2.5/weather?units=Imperial&APPID=2853f2be790044b9ea0c667a889aff94&q=jacareacanga
Processing Record 470 | San Cristobal
http://api.openweathermap.org/data/2.5/weather?units=Imperial&APPID=2853f2be790044b9ea0c667a889aff94&q=san cristobal
Processing Record 471 | Ekhabi
http://api.openweathermap.org/data/2.5/weather?units=Imperial&APPID=2853f2be790044b9ea0c667a889aff94&q=ekhabi
Processing Record 472 | Den Helder
http://api.openweathermap.org/data/2.5/weather?units=Imperial&APPID=2853f2be790044b9ea0c667a889aff94&q=den helder
Processing Record 473 | Marystown
http://api.openweathermap.org/data/2.5/weather?units=Imperial&APPID=2853f2be790044b9ea0c667a889aff94&q=marystown
Processing Record 474 | Lazaro Cardenas
http://api.openweathermap.org/data/2.5/weather?units=Imperial&APPID=2853f2be790044b9ea0c667a889aff94&q=lazaro cardenas
Processing Record 475 | Tuensang
http://api.openweathermap.org/data/2.5/weather?units=Imperial&APPID=2853f2be790044b9ea0c667a889aff94&q=tuensang
Processing Record 476 | Tuzha
http://api.openweathermap.org/data/2.5/weather?units=Imperial&APPID=2853f2be790044b9ea0c667a889aff94&q=tuzha
Processing Record 477 | Mehamn
http://api.openweathermap.org/data/2.5/weather?units=Imperial&APPID=2853f2be790044b9ea0c667a889aff94&q=mehamn
Processing Record 478 | Kampong Cham
http://api.openweathermap.org/data/2.5/weather?units=Imperial&APPID=2853f2be790044b9ea0c667a889aff94&q=kampong cham
Processing Record 479 | Mayo
http://api.openweathermap.org/data/2.5/weather?units=Imperial&APPID=2853f2be790044b9ea0c667a889aff94&q=mayo
Processing Record 480 | North Bend
http://api.openweathermap.org/data/2.5/weather?units=Imperial&APPID=2853f2be790044b9ea0c667a889aff94&q=north bend
Processing Record 481 | Issa
http://api.openweathermap.org/data/2.5/weather?units=Imperial&APPID=2853f2be790044b9ea0c667a889aff94&q=issa
Processing Record 482 | Roald
http://api.openweathermap.org/data/2.5/weather?units=Imperial&APPID=2853f2be790044b9ea0c667a889aff94&q=roald
Processing Record 483 | Lovozero
http://api.openweathermap.org/data/2.5/weather?units=Imperial&APPID=2853f2be790044b9ea0c667a889aff94&q=lovozero
Processing Record 484 | Akureyri
http://api.openweathermap.org/data/2.5/weather?units=Imperial&APPID=2853f2be790044b9ea0c667a889aff94&q=akureyri
Processing Record 485 | Sohag
http://api.openweathermap.org/data/2.5/weather?units=Imperial&APPID=2853f2be790044b9ea0c667a889aff94&q=sohag
Processing Record 486 | Kabinda
http://api.openweathermap.org/data/2.5/weather?units=Imperial&APPID=2853f2be790044b9ea0c667a889aff94&q=kabinda
Processing Record 487 | Borda da Mata
http://api.openweathermap.org/data/2.5/weather?units=Imperial&APPID=2853f2be790044b9ea0c667a889aff94&q=borda da mata
Processing Record 488 | Mecca
http://api.openweathermap.org/data/2.5/weather?units=Imperial&APPID=2853f2be790044b9ea0c667a889aff94&q=mecca
City not found. Skipping...
Processing Record 490 | Paita
http://api.openweathermap.org/data/2.5/weather?units=Imperial&APPID=2853f2be790044b9ea0c667a889aff94&q=paita
Processing Record 491 | Bria
http://api.openweathermap.org/data/2.5/weather?units=Imperial&APPID=2853f2be790044b9ea0c667a889aff94&q=bria
Processing Record 492 | Langxiang
http://api.openweathermap.org/data/2.5/weather?units=Imperial&APPID=2853f2be790044b9ea0c667a889aff94&q=langxiang
Processing Record 493 | Morehead
http://api.openweathermap.org/data/2.5/weather?units=Imperial&APPID=2853f2be790044b9ea0c667a889aff94&q=morehead
Processing Record 494 | Melo
http://api.openweathermap.org/data/2.5/weather?units=Imperial&APPID=2853f2be790044b9ea0c667a889aff94&q=melo
Processing Record 495 | Quatre Cocos
http://api.openweathermap.org/data/2.5/weather?units=Imperial&APPID=2853f2be790044b9ea0c667a889aff94&q=quatre cocos
Processing Record 496 | Manicore
http://api.openweathermap.org/data/2.5/weather?units=Imperial&APPID=2853f2be790044b9ea0c667a889aff94&q=manicore
Processing Record 497 | Sinnamary
http://api.openweathermap.org/data/2.5/weather?units=Imperial&APPID=2853f2be790044b9ea0c667a889aff94&q=sinnamary
Processing Record 498 | Burnie
http://api.openweathermap.org/data/2.5/weather?units=Imperial&APPID=2853f2be790044b9ea0c667a889aff94&q=burnie
Processing Record 499 | Vila Franca do Campo
http://api.openweathermap.org/data/2.5/weather?units=Imperial&APPID=2853f2be790044b9ea0c667a889aff94&q=vila franca do campo
City not found. Skipping...
Processing Record 501 | Punta de Piedra
http://api.openweathermap.org/data/2.5/weather?units=Imperial&APPID=2853f2be790044b9ea0c667a889aff94&q=punta de piedra
Processing Record 502 | Demyansk
http://api.openweathermap.org/data/2.5/weather?units=Imperial&APPID=2853f2be790044b9ea0c667a889aff94&q=demyansk
Processing Record 503 | Dalbandin
http://api.openweathermap.org/data/2.5/weather?units=Imperial&APPID=2853f2be790044b9ea0c667a889aff94&q=dalbandin
Processing Record 504 | Sarangani
http://api.openweathermap.org/data/2.5/weather?units=Imperial&APPID=2853f2be790044b9ea0c667a889aff94&q=sarangani
Processing Record 505 | Slave Lake
http://api.openweathermap.org/data/2.5/weather?units=Imperial&APPID=2853f2be790044b9ea0c667a889aff94&q=slave lake
Processing Record 506 | Yumen
http://api.openweathermap.org/data/2.5/weather?units=Imperial&APPID=2853f2be790044b9ea0c667a889aff94&q=yumen
Processing Record 507 | Sefton
http://api.openweathermap.org/data/2.5/weather?units=Imperial&APPID=2853f2be790044b9ea0c667a889aff94&q=sefton
Processing Record 508 | Biak
http://api.openweathermap.org/data/2.5/weather?units=Imperial&APPID=2853f2be790044b9ea0c667a889aff94&q=biak
Processing Record 509 | Peniche
http://api.openweathermap.org/data/2.5/weather?units=Imperial&APPID=2853f2be790044b9ea0c667a889aff94&q=peniche
Processing Record 510 | Sonoita
http://api.openweathermap.org/data/2.5/weather?units=Imperial&APPID=2853f2be790044b9ea0c667a889aff94&q=sonoita
Processing Record 511 | Kendari
http://api.openweathermap.org/data/2.5/weather?units=Imperial&APPID=2853f2be790044b9ea0c667a889aff94&q=kendari
City not found. Skipping...
Processing Record 513 | Barabai
http://api.openweathermap.org/data/2.5/weather?units=Imperial&APPID=2853f2be790044b9ea0c667a889aff94&q=barabai
Processing Record 514 | Havre-Saint-Pierre
http://api.openweathermap.org/data/2.5/weather?units=Imperial&APPID=2853f2be790044b9ea0c667a889aff94&q=havre-saint-pierre
Processing Record 515 | Beisfjord
http://api.openweathermap.org/data/2.5/weather?units=Imperial&APPID=2853f2be790044b9ea0c667a889aff94&q=beisfjord
Processing Record 516 | Batemans Bay
http://api.openweathermap.org/data/2.5/weather?units=Imperial&APPID=2853f2be790044b9ea0c667a889aff94&q=batemans bay
Processing Record 517 | Qaqortoq
http://api.openweathermap.org/data/2.5/weather?units=Imperial&APPID=2853f2be790044b9ea0c667a889aff94&q=qaqortoq
Processing Record 518 | Abnub
http://api.openweathermap.org/data/2.5/weather?units=Imperial&APPID=2853f2be790044b9ea0c667a889aff94&q=abnub
City not found. Skipping...
Processing Record 520 | Mogok
http://api.openweathermap.org/data/2.5/weather?units=Imperial&APPID=2853f2be790044b9ea0c667a889aff94&q=mogok
Processing Record 521 | Dauriya
http://api.openweathermap.org/data/2.5/weather?units=Imperial&APPID=2853f2be790044b9ea0c667a889aff94&q=dauriya
Processing Record 522 | Salinopolis
http://api.openweathermap.org/data/2.5/weather?units=Imperial&APPID=2853f2be790044b9ea0c667a889aff94&q=salinopolis
Processing Record 523 | Pinhao
http://api.openweathermap.org/data/2.5/weather?units=Imperial&APPID=2853f2be790044b9ea0c667a889aff94&q=pinhao
City not found. Skipping...
Processing Record 525 | Udachnyy
http://api.openweathermap.org/data/2.5/weather?units=Imperial&APPID=2853f2be790044b9ea0c667a889aff94&q=udachnyy
Processing Record 526 | Paraiso
http://api.openweathermap.org/data/2.5/weather?units=Imperial&APPID=2853f2be790044b9ea0c667a889aff94&q=paraiso
Processing Record 527 | Lagunas
http://api.openweathermap.org/data/2.5/weather?units=Imperial&APPID=2853f2be790044b9ea0c667a889aff94&q=lagunas
Processing Record 528 | Mbini
http://api.openweathermap.org/data/2.5/weather?units=Imperial&APPID=2853f2be790044b9ea0c667a889aff94&q=mbini
City not found. Skipping...
Processing Record 530 | Plaisir
http://api.openweathermap.org/data/2.5/weather?units=Imperial&APPID=2853f2be790044b9ea0c667a889aff94&q=plaisir
Processing Record 531 | North Myrtle Beach
http://api.openweathermap.org/data/2.5/weather?units=Imperial&APPID=2853f2be790044b9ea0c667a889aff94&q=north myrtle beach
Processing Record 532 | Sandviken
http://api.openweathermap.org/data/2.5/weather?units=Imperial&APPID=2853f2be790044b9ea0c667a889aff94&q=sandviken
Processing Record 533 | Tigil
http://api.openweathermap.org/data/2.5/weather?units=Imperial&APPID=2853f2be790044b9ea0c667a889aff94&q=tigil
Processing Record 534 | Sri Aman
http://api.openweathermap.org/data/2.5/weather?units=Imperial&APPID=2853f2be790044b9ea0c667a889aff94&q=sri aman
Processing Record 535 | Port Augusta
http://api.openweathermap.org/data/2.5/weather?units=Imperial&APPID=2853f2be790044b9ea0c667a889aff94&q=port augusta
Processing Record 536 | Husavik
http://api.openweathermap.org/data/2.5/weather?units=Imperial&APPID=2853f2be790044b9ea0c667a889aff94&q=husavik
Processing Record 537 | Diego de Almagro
http://api.openweathermap.org/data/2.5/weather?units=Imperial&APPID=2853f2be790044b9ea0c667a889aff94&q=diego de almagro
City not found. Skipping...
Processing Record 539 | Whitehaven
http://api.openweathermap.org/data/2.5/weather?units=Imperial&APPID=2853f2be790044b9ea0c667a889aff94&q=whitehaven
Processing Record 540 | Obihiro
http://api.openweathermap.org/data/2.5/weather?units=Imperial&APPID=2853f2be790044b9ea0c667a889aff94&q=obihiro
Processing Record 541 | Innisfail
http://api.openweathermap.org/data/2.5/weather?units=Imperial&APPID=2853f2be790044b9ea0c667a889aff94&q=innisfail
Processing Record 542 | Kurilsk
http://api.openweathermap.org/data/2.5/weather?units=Imperial&APPID=2853f2be790044b9ea0c667a889aff94&q=kurilsk
Processing Record 543 | Tautira
http://api.openweathermap.org/data/2.5/weather?units=Imperial&APPID=2853f2be790044b9ea0c667a889aff94&q=tautira
Processing Record 544 | Samana
http://api.openweathermap.org/data/2.5/weather?units=Imperial&APPID=2853f2be790044b9ea0c667a889aff94&q=samana
Processing Record 545 | Santa Rosa
http://api.openweathermap.org/data/2.5/weather?units=Imperial&APPID=2853f2be790044b9ea0c667a889aff94&q=santa rosa
Processing Record 546 | Flin Flon
http://api.openweathermap.org/data/2.5/weather?units=Imperial&APPID=2853f2be790044b9ea0c667a889aff94&q=flin flon
Processing Record 547 | Xochistlahuaca
http://api.openweathermap.org/data/2.5/weather?units=Imperial&APPID=2853f2be790044b9ea0c667a889aff94&q=xochistlahuaca
Processing Record 548 | Valparaiso
http://api.openweathermap.org/data/2.5/weather?units=Imperial&APPID=2853f2be790044b9ea0c667a889aff94&q=valparaiso
Processing Record 549 | Tres Arroyos
http://api.openweathermap.org/data/2.5/weather?units=Imperial&APPID=2853f2be790044b9ea0c667a889aff94&q=tres arroyos
Processing Record 550 | Henties Bay
http://api.openweathermap.org/data/2.5/weather?units=Imperial&APPID=2853f2be790044b9ea0c667a889aff94&q=henties bay
Processing Record 551 | Miles City
http://api.openweathermap.org/data/2.5/weather?units=Imperial&APPID=2853f2be790044b9ea0c667a889aff94&q=miles city
Processing Record 552 | Terrasini
http://api.openweathermap.org/data/2.5/weather?units=Imperial&APPID=2853f2be790044b9ea0c667a889aff94&q=terrasini
Processing Record 553 | Vao
http://api.openweathermap.org/data/2.5/weather?units=Imperial&APPID=2853f2be790044b9ea0c667a889aff94&q=vao
Processing Record 554 | Tsumeb
http://api.openweathermap.org/data/2.5/weather?units=Imperial&APPID=2853f2be790044b9ea0c667a889aff94&q=tsumeb
Processing Record 555 | Horsham
http://api.openweathermap.org/data/2.5/weather?units=Imperial&APPID=2853f2be790044b9ea0c667a889aff94&q=horsham
Processing Record 556 | Komsomolskiy
http://api.openweathermap.org/data/2.5/weather?units=Imperial&APPID=2853f2be790044b9ea0c667a889aff94&q=komsomolskiy
Processing Record 557 | Dabat
http://api.openweathermap.org/data/2.5/weather?units=Imperial&APPID=2853f2be790044b9ea0c667a889aff94&q=dabat
Processing Record 558 | Ilo
http://api.openweathermap.org/data/2.5/weather?units=Imperial&APPID=2853f2be790044b9ea0c667a889aff94&q=ilo
Processing Record 559 | Guadalajara
http://api.openweathermap.org/data/2.5/weather?units=Imperial&APPID=2853f2be790044b9ea0c667a889aff94&q=guadalajara
Processing Record 560 | Margate
http://api.openweathermap.org/data/2.5/weather?units=Imperial&APPID=2853f2be790044b9ea0c667a889aff94&q=margate
Processing Record 561 | San Gabriel
http://api.openweathermap.org/data/2.5/weather?units=Imperial&APPID=2853f2be790044b9ea0c667a889aff94&q=san gabriel
Processing Record 562 | Udayagiri
http://api.openweathermap.org/data/2.5/weather?units=Imperial&APPID=2853f2be790044b9ea0c667a889aff94&q=udayagiri
Processing Record 563 | Rio Grande
http://api.openweathermap.org/data/2.5/weather?units=Imperial&APPID=2853f2be790044b9ea0c667a889aff94&q=rio grande
Processing Record 564 | Najran
http://api.openweathermap.org/data/2.5/weather?units=Imperial&APPID=2853f2be790044b9ea0c667a889aff94&q=najran
Processing Record 565 | Port Moresby
http://api.openweathermap.org/data/2.5/weather?units=Imperial&APPID=2853f2be790044b9ea0c667a889aff94&q=port moresby
Processing Record 566 | Kaseda
http://api.openweathermap.org/data/2.5/weather?units=Imperial&APPID=2853f2be790044b9ea0c667a889aff94&q=kaseda
Processing Record 567 | Tahlequah
http://api.openweathermap.org/data/2.5/weather?units=Imperial&APPID=2853f2be790044b9ea0c667a889aff94&q=tahlequah
Processing Record 568 | Katsina
http://api.openweathermap.org/data/2.5/weather?units=Imperial&APPID=2853f2be790044b9ea0c667a889aff94&q=katsina
Processing Record 569 | Abu Samrah
http://api.openweathermap.org/data/2.5/weather?units=Imperial&APPID=2853f2be790044b9ea0c667a889aff94&q=abu samrah
Processing Record 570 | Varkkallai
http://api.openweathermap.org/data/2.5/weather?units=Imperial&APPID=2853f2be790044b9ea0c667a889aff94&q=varkkallai
City not found. Skipping...
Processing Record 572 | Kimbe
http://api.openweathermap.org/data/2.5/weather?units=Imperial&APPID=2853f2be790044b9ea0c667a889aff94&q=kimbe
Processing Record 573 | Linkou
http://api.openweathermap.org/data/2.5/weather?units=Imperial&APPID=2853f2be790044b9ea0c667a889aff94&q=linkou
City not found. Skipping...
Processing Record 575 | Jinchang
http://api.openweathermap.org/data/2.5/weather?units=Imperial&APPID=2853f2be790044b9ea0c667a889aff94&q=jinchang
Processing Record 576 | Hudson Bay
http://api.openweathermap.org/data/2.5/weather?units=Imperial&APPID=2853f2be790044b9ea0c667a889aff94&q=hudson bay
Processing Record 577 | Evensk
http://api.openweathermap.org/data/2.5/weather?units=Imperial&APPID=2853f2be790044b9ea0c667a889aff94&q=evensk
Processing Record 578 | Portland
http://api.openweathermap.org/data/2.5/weather?units=Imperial&APPID=2853f2be790044b9ea0c667a889aff94&q=portland
Processing Record 579 | Kalispell
http://api.openweathermap.org/data/2.5/weather?units=Imperial&APPID=2853f2be790044b9ea0c667a889aff94&q=kalispell
Processing Record 580 | Namwala
http://api.openweathermap.org/data/2.5/weather?units=Imperial&APPID=2853f2be790044b9ea0c667a889aff94&q=namwala
Processing Record 581 | Valdivia
http://api.openweathermap.org/data/2.5/weather?units=Imperial&APPID=2853f2be790044b9ea0c667a889aff94&q=valdivia
Processing Record 582 | Colorado
http://api.openweathermap.org/data/2.5/weather?units=Imperial&APPID=2853f2be790044b9ea0c667a889aff94&q=colorado
Processing Record 583 | Edgemere
http://api.openweathermap.org/data/2.5/weather?units=Imperial&APPID=2853f2be790044b9ea0c667a889aff94&q=edgemere
Processing Record 584 | Kindersley
http://api.openweathermap.org/data/2.5/weather?units=Imperial&APPID=2853f2be790044b9ea0c667a889aff94&q=kindersley
Processing Record 585 | Gladstone
http://api.openweathermap.org/data/2.5/weather?units=Imperial&APPID=2853f2be790044b9ea0c667a889aff94&q=gladstone
Processing Record 586 | Walvis Bay
http://api.openweathermap.org/data/2.5/weather?units=Imperial&APPID=2853f2be790044b9ea0c667a889aff94&q=walvis bay
Processing Record 587 | Pineville
http://api.openweathermap.org/data/2.5/weather?units=Imperial&APPID=2853f2be790044b9ea0c667a889aff94&q=pineville
Processing Record 588 | Necochea
http://api.openweathermap.org/data/2.5/weather?units=Imperial&APPID=2853f2be790044b9ea0c667a889aff94&q=necochea
Processing Record 589 | Alghero
http://api.openweathermap.org/data/2.5/weather?units=Imperial&APPID=2853f2be790044b9ea0c667a889aff94&q=alghero
Processing Record 590 | Nerchinskiy Zavod
http://api.openweathermap.org/data/2.5/weather?units=Imperial&APPID=2853f2be790044b9ea0c667a889aff94&q=nerchinskiy zavod
Processing Record 591 | Gympie
http://api.openweathermap.org/data/2.5/weather?units=Imperial&APPID=2853f2be790044b9ea0c667a889aff94&q=gympie
Processing Record 592 | Tilichiki
http://api.openweathermap.org/data/2.5/weather?units=Imperial&APPID=2853f2be790044b9ea0c667a889aff94&q=tilichiki
Processing Record 593 | Shonguy
http://api.openweathermap.org/data/2.5/weather?units=Imperial&APPID=2853f2be790044b9ea0c667a889aff94&q=shonguy
Processing Record 594 | Barabinsk
http://api.openweathermap.org/data/2.5/weather?units=Imperial&APPID=2853f2be790044b9ea0c667a889aff94&q=barabinsk
Processing Record 595 | Lata
http://api.openweathermap.org/data/2.5/weather?units=Imperial&APPID=2853f2be790044b9ea0c667a889aff94&q=lata
Processing Record 596 | Bintulu
http://api.openweathermap.org/data/2.5/weather?units=Imperial&APPID=2853f2be790044b9ea0c667a889aff94&q=bintulu
Processing Record 597 | Dali
http://api.openweathermap.org/data/2.5/weather?units=Imperial&APPID=2853f2be790044b9ea0c667a889aff94&q=dali
Processing Record 598 | Yangambi
http://api.openweathermap.org/data/2.5/weather?units=Imperial&APPID=2853f2be790044b9ea0c667a889aff94&q=yangambi
Processing Record 599 | Mount Isa
http://api.openweathermap.org/data/2.5/weather?units=Imperial&APPID=2853f2be790044b9ea0c667a889aff94&q=mount isa
Processing Record 600 | Narasannapeta
http://api.openweathermap.org/data/2.5/weather?units=Imperial&APPID=2853f2be790044b9ea0c667a889aff94&q=narasannapeta
Processing Record 601 | Marovoay
http://api.openweathermap.org/data/2.5/weather?units=Imperial&APPID=2853f2be790044b9ea0c667a889aff94&q=marovoay
Processing Record 602 | Am Timan
http://api.openweathermap.org/data/2.5/weather?units=Imperial&APPID=2853f2be790044b9ea0c667a889aff94&q=am timan
Processing Record 603 | La Ronge
http://api.openweathermap.org/data/2.5/weather?units=Imperial&APPID=2853f2be790044b9ea0c667a889aff94&q=la ronge
Processing Record 604 | Korfovskiy
http://api.openweathermap.org/data/2.5/weather?units=Imperial&APPID=2853f2be790044b9ea0c667a889aff94&q=korfovskiy
Processing Record 605 | Ulladulla
http://api.openweathermap.org/data/2.5/weather?units=Imperial&APPID=2853f2be790044b9ea0c667a889aff94&q=ulladulla
Processing Record 606 | Okhotsk
http://api.openweathermap.org/data/2.5/weather?units=Imperial&APPID=2853f2be790044b9ea0c667a889aff94&q=okhotsk
Processing Record 607 | Peruc
http://api.openweathermap.org/data/2.5/weather?units=Imperial&APPID=2853f2be790044b9ea0c667a889aff94&q=peruc
Processing Record 608 | Beatrice
http://api.openweathermap.org/data/2.5/weather?units=Imperial&APPID=2853f2be790044b9ea0c667a889aff94&q=beatrice
Processing Record 609 | Lixourion
http://api.openweathermap.org/data/2.5/weather?units=Imperial&APPID=2853f2be790044b9ea0c667a889aff94&q=lixourion
Processing Record 610 | Novodugino
http://api.openweathermap.org/data/2.5/weather?units=Imperial&APPID=2853f2be790044b9ea0c667a889aff94&q=novodugino
Processing Record 611 | Nishihara
http://api.openweathermap.org/data/2.5/weather?units=Imperial&APPID=2853f2be790044b9ea0c667a889aff94&q=nishihara
Processing Record 612 | Salalah
http://api.openweathermap.org/data/2.5/weather?units=Imperial&APPID=2853f2be790044b9ea0c667a889aff94&q=salalah
Processing Record 613 | Campoverde
http://api.openweathermap.org/data/2.5/weather?units=Imperial&APPID=2853f2be790044b9ea0c667a889aff94&q=campoverde
Processing Record 614 | Hirara
http://api.openweathermap.org/data/2.5/weather?units=Imperial&APPID=2853f2be790044b9ea0c667a889aff94&q=hirara
Processing Record 615 | Changli
http://api.openweathermap.org/data/2.5/weather?units=Imperial&APPID=2853f2be790044b9ea0c667a889aff94&q=changli
